frame,tracker_id,dy_norm,ar,crumple,torso_lean,bbox_w,bbox_h
1,1,0.0,0.0,0.0,0.0,287.9,1056.1
1,2,0.0,0.0,0.0,0.0,214.8,1050.8
2,2,0.0,0.0,0.0,0.0,217.2,1052.3
2,1,0.0,0.0,0.0,0.0,275.5,1057.9
3,2,0.0,0.0,0.0,0.0,212.2,1047.4
3,1,0.0,0.0,0.0,0.0,272.7,1058.0
4,2,-0.0018,0.204,0.3767,3.61,212.7,1041.9
4,1,-0.0012,0.268,0.3721,7.19,282.8,1055.4
5,1,0.0007,0.273,0.3696,7.73,289.3,1059.0
5,2,-0.0002,0.211,0.377,2.82,218.4,1033.8
6,2,0.001,0.233,0.3763,2.58,241.1,1032.9
6,1,0.0012,0.263,0.3719,7.41,278.0,1055.2
7,2,0.0029,0.258,0.3611,1.64,265.8,1032.3
7,1,0.0017,0.258,0.3759,7.16,271.8,1055.0
8,2,0.0049,0.259,0.3602,0.82,266.0,1025.4
8,1,0.0014,0.253,0.3744,6.4,265.7,1050.7
9,1,0.0013,0.286,0.3602,3.74,299.7,1049.7
9,2,0.0063,0.293,0.3606,1.88,299.3,1022.0
10,1,-0.0002,0.303,0.3546,2.96,318.3,1051.1
10,2,0.0054,0.368,0.3628,2.65,375.6,1020.0
11,1,-0.0014,0.32,0.3516,2.16,336.3,1051.7
11,2,0.0045,0.401,0.3602,4.16,405.8,1011.8
12,1,-0.0027,0.321,0.3511,2.15,337.4,1049.5
12,2,0.0044,0.437,0.3588,9.07,440.3,1008.2
13,2,0.0054,0.471,0.3601,12.22,470.8,999.1
13,1,-0.0035,0.314,0.3547,2.4,328.4,1046.9
14,2,0.0075,0.593,0.3752,13.13,578.9,976.1
14,1,-0.0033,0.289,0.3548,1.89,303.0,1046.7
15,1,-0.0029,0.274,0.3567,2.15,285.8,1043.7
16,1,-0.002,0.248,0.3622,1.07,259.8,1047.8
17,2,0.0,0.0,0.0,0.0,752.7,947.1
17,1,0.0003,0.238,0.3639,0.79,249.5,1047.6
18,2,0.0,0.0,0.0,0.0,736.0,963.6
18,1,0.002,0.237,0.3595,1.32,245.9,1039.3
19,2,0.0,0.0,0.0,0.0,615.7,979.4
19,1,0.0033,0.237,0.3619,0.0,245.5,1035.8
20,2,-0.0078,0.54,0.3143,9.89,536.0,993.1
20,1,0.0025,0.232,0.3653,0.77,240.3,1034.0
21,2,-0.0106,0.416,0.3132,7.45,415.9,999.4
21,1,0.0015,0.253,0.3648,1.79,261.9,1033.2
22,2,-0.0089,0.361,0.3222,5.5,362.7,1005.5
22,1,0.0012,0.251,0.368,6.48,259.6,1032.4
23,2,-0.0069,0.344,0.3296,5.5,342.9,995.5
23,1,0.0008,0.24,0.3657,6.97,248.3,1033.5
24,1,0.0004,0.275,0.3691,7.48,281.6,1025.8
24,2,-0.0033,0.319,0.328,3.41,319.3,999.6
25,1,-0.0008,0.331,0.376,5.61,339.9,1027.2
25,2,-0.0019,0.316,0.3288,1.05,313.0,991.6
26,2,-0.0019,0.312,0.3259,0.53,309.8,992.9
26,1,-0.0018,0.349,0.3749,4.05,358.6,1027.1
27,2,-0.0031,0.32,0.3261,1.33,319.9,998.9
27,1,-0.0019,0.342,0.3744,2.27,350.3,1024.6
28,1,-0.0014,0.319,0.3797,1.75,328.3,1028.6
28,2,-0.0034,0.32,0.3335,0.53,319.4,998.6
29,1,0.0017,0.294,0.3664,1.03,315.3,1071.8
29,2,-0.0005,0.334,0.3401,0.53,332.9,996.9
30,1,0.003,0.309,0.3599,0.51,335.2,1084.7
30,2,0.0022,0.34,0.3335,0.26,339.4,998.2
31,1,0.0036,0.327,0.3522,0.27,353.0,1080.9
31,2,0.0033,0.357,0.3275,0.0,355.8,996.7
32,1,0.0052,0.31,0.361,2.33,325.6,1048.7
32,2,0.0017,0.376,0.3269,0.26,377.2,1002.5
33,2,0.0004,0.395,0.3229,0.26,396.9,1004.7
33,1,0.0076,0.306,0.3476,2.39,319.5,1044.6
34,1,0.0107,0.362,0.3364,7.29,372.5,1030.1
34,2,0.0002,0.323,0.3226,0.27,324.7,1004.4
35,1,0.0094,0.372,0.326,10.09,382.0,1025.8
35,2,-0.0007,0.411,0.3168,1.07,411.6,1000.8
36,1,0.0075,0.399,0.3245,11.62,405.6,1015.9
36,2,-0.0019,0.34,0.3164,1.31,341.4,1003.4
37,2,-0.0035,0.426,0.3178,6.45,425.3,998.4
37,1,0.0023,0.28,0.3317,8.92,288.1,1027.8
38,2,-0.0037,0.43,0.3197,8.17,427.5,993.2
38,1,-0.0026,0.351,0.3309,8.56,362.0,1031.5
39,2,-0.0037,0.449,0.3163,8.24,442.1,985.3
39,1,-0.0071,0.344,0.3184,5.1,357.2,1039.8
40,2,-0.0033,0.444,0.3207,7.89,437.9,986.7
41,1,0.0,0.0,0.0,0.0,295.1,1039.6
41,2,-0.0035,0.35,0.3202,7.63,347.2,991.1
42,1,0.0,0.0,0.0,0.0,340.1,1038.8
42,2,-0.0029,0.376,0.3054,9.1,374.0,994.2
43,1,0.0,0.0,0.0,0.0,367.6,1030.0
43,2,-0.0024,0.374,0.3147,10.67,371.5,992.8
44,1,0.0001,0.362,0.3382,8.9,370.7,1024.2
45,1,0.0021,0.361,0.3393,11.07,366.8,1016.1
46,1,0.0041,0.487,0.3306,13.98,489.4,1004.1
47,2,0.0,0.0,0.0,0.0,245.3,960.2
48,2,0.0,0.0,0.0,0.0,251.4,964.1
49,1,0.0,0.0,0.0,0.0,806.2,1482.6
50,1,0.0,0.0,0.0,0.0,776.1,1373.9
51,1,0.0,0.0,0.0,0.0,410.4,1382.6
52,1,0.0113,0.302,0.3199,18.26,413.1,1366.5
53,1,0.0157,0.307,0.3185,15.72,412.2,1343.3
54,1,0.0117,0.31,0.3203,8.24,408.6,1318.7
55,1,0.0093,0.304,0.3115,7.59,394.4,1295.7
56,1,0.0089,0.329,0.3147,1.31,418.2,1272.9
57,1,0.0078,0.373,0.3242,3.5,469.1,1257.6
58,1,-0.0046,0.569,0.2957,15.54,665.3,1169.6
59,1,0.0007,0.435,0.3901,12.77,486.7,1119.1
60,2,0.0,0.0,0.0,0.0,672.0,1238.5
60,1,0.0038,0.434,0.3897,16.53,470.7,1084.7
61,2,0.0,0.0,0.0,0.0,755.2,1346.1
61,1,0.027,0.375,0.4089,20.42,367.9,981.4
62,2,0.0,0.0,0.0,0.0,793.9,1444.9
62,1,0.0371,0.562,0.4364,19.55,504.8,897.7
63,2,0.02,0.544,0.2927,23.34,784.9,1442.7
63,1,0.0523,0.446,0.4068,19.26,385.1,863.9
64,2,0.0354,0.557,0.3131,29.46,763.7,1372.0
64,1,0.067,0.401,0.2931,21.96,395.1,986.5
65,2,0.0456,0.598,0.3031,35.75,775.0,1296.4
65,1,0.0856,0.407,0.2536,26.83,382.4,939.7
66,2,0.0697,0.738,0.2873,54.71,838.1,1136.0
66,1,0.1504,0.519,0.0,138.45,375.3,722.5
67,2,0.1017,0.86,0.2225,73.93,832.6,968.2
67,1,0.196,0.591,0.0,148.0,388.5,657.9
68,2,0.124,0.914,0.1309,81.19,808.9,885.4
69,2,0.1312,0.939,0.0301,91.87,777.0,827.4
69,1,0.0,0.0,0.0,0.0,410.6,730.8
70,2,0.1136,0.969,0.0,96.13,776.3,801.1
71,2,0.103,0.989,0.0,101.27,757.7,766.3
72,2,0.0853,0.996,0.0,98.44,735.9,739.1
72,1,0.0,0.0,0.0,0.0,401.1,606.1
73,2,0.0667,1.004,0.0,97.37,729.6,726.7
74,2,0.0386,0.992,0.0,94.94,716.4,721.8
75,2,0.0149,0.992,0.0,93.2,702.4,708.0
76,2,-0.008,1.09,0.0,91.47,678.6,622.3
77,2,-0.0292,1.058,0.0,96.99,597.2,564.4
81,3,0.0,0.0,0.0,0.0,317.6,1648.3
81,4,0.0,0.0,0.0,0.0,425.6,1712.9
82,3,0.0,0.0,0.0,0.0,338.2,1559.4
82,4,0.0,0.0,0.0,0.0,431.1,1620.9
83,3,0.0,0.0,0.0,0.0,355.6,1489.8
83,4,0.0,0.0,0.0,0.0,427.3,1535.6
84,4,0.0041,0.29,0.4252,6.06,430.6,1485.1
84,3,0.0197,0.247,0.4078,7.03,355.5,1440.6
85,4,0.0115,0.294,0.4203,7.8,427.9,1454.6
85,3,0.0184,0.256,0.3951,7.55,360.4,1408.1
86,4,0.0134,0.292,0.4087,8.37,420.0,1438.5
86,3,0.0137,0.255,0.3943,6.71,350.9,1374.6
87,4,0.0103,0.306,0.4041,8.13,431.2,1410.5
87,3,0.0077,0.251,0.3906,6.42,339.0,1348.0
88,4,0.0062,0.331,0.4022,8.64,455.9,1379.1
88,3,0.004,0.242,0.395,6.08,322.3,1330.0
89,4,0.0056,0.335,0.4047,8.95,454.4,1355.0
89,3,0.0031,0.24,0.3976,5.87,313.2,1305.8
90,4,0.0049,0.333,0.3977,8.54,450.0,1350.8
90,3,0.0031,0.237,0.3992,5.59,307.9,1298.2
91,4,0.0041,0.313,0.3953,7.01,421.9,1347.9
91,3,0.003,0.233,0.392,6.21,302.5,1300.8
92,3,0.0027,0.235,0.3929,6.95,304.4,1297.4
92,4,0.0022,0.289,0.3898,7.61,390.6,1350.1
93,4,0.0018,0.281,0.3899,6.7,379.7,1351.6
93,3,0.0028,0.235,0.3972,6.86,304.7,1295.7
94,3,0.003,0.234,0.3931,6.68,304.1,1297.6
94,4,0.0018,0.283,0.4016,5.43,381.3,1348.7
95,4,0.0028,0.299,0.4,4.07,403.8,1349.5
95,3,0.0033,0.235,0.3901,6.29,305.3,1299.6
96,4,0.0027,0.326,0.3944,3.65,439.6,1350.1
96,3,0.003,0.237,0.3874,6.26,308.0,1298.7
97,4,0.0026,0.337,0.395,2.89,455.2,1350.4
97,3,0.0023,0.241,0.3879,5.73,312.6,1299.4
98,4,0.0014,0.35,0.384,2.48,471.5,1349.0
98,3,0.0008,0.245,0.3857,6.23,318.6,1300.3
99,4,0.0008,0.371,0.3868,1.22,494.9,1333.1
99,3,-0.0005,0.247,0.3837,6.21,321.4,1302.3
100,4,0.0002,0.405,0.3862,0.24,541.5,1337.2
100,3,-0.0015,0.244,0.3886,6.39,317.6,1303.9
101,4,0.001,0.447,0.384,0.49,595.4,1331.9
101,3,-0.0016,0.241,0.3849,5.52,314.8,1305.1
102,4,0.0022,0.475,0.3823,1.7,631.2,1328.6
102,3,-0.0013,0.244,0.3888,5.02,318.4,1306.0
103,4,0.0037,0.524,0.3857,3.56,695.4,1327.5
103,3,-0.0004,0.245,0.3903,5.02,318.7,1298.9
104,4,0.0052,0.555,0.3832,3.61,735.7,1326.0
104,3,-0.0002,0.233,0.3917,4.49,303.7,1305.1
105,4,0.0051,0.539,0.3794,3.59,714.8,1325.9
105,3,0.0,0.23,0.3901,4.51,300.9,1306.8
106,4,0.004,0.544,0.3733,3.14,720.3,1324.0
106,3,-0.0003,0.231,0.3841,5.24,301.5,1304.9
107,4,0.0018,0.543,0.3761,2.39,719.6,1324.0
107,3,-0.0,0.232,0.3842,4.74,302.5,1304.1
108,4,0.0004,0.538,0.3706,1.21,716.1,1330.1
108,3,-0.0011,0.233,0.3792,4.56,303.6,1304.1
109,3,-0.0022,0.232,0.3803,4.86,302.5,1303.4
109,4,-0.0003,0.533,0.3699,0.96,708.0,1327.2
110,3,-0.003,0.239,0.3781,4.0,312.0,1304.4
110,4,0.0002,0.523,0.371,0.96,696.5,1331.0
111,3,-0.0023,0.242,0.3836,3.24,315.5,1304.7
111,4,0.0012,0.495,0.3692,2.17,660.3,1334.4
112,4,0.002,0.479,0.371,2.69,640.9,1336.8
112,3,-0.0004,0.241,0.3875,2.71,314.8,1306.7
113,4,0.0024,0.469,0.3741,4.58,626.9,1337.4
113,3,0.0012,0.233,0.3867,2.47,304.3,1304.1
114,4,0.0019,0.46,0.3721,4.64,616.1,1340.5
114,3,0.0024,0.238,0.3854,2.71,309.9,1301.8
115,4,0.0017,0.466,0.3762,5.04,623.9,1337.5
115,3,0.0026,0.242,0.382,1.74,314.7,1299.9
116,4,0.0005,0.446,0.3771,4.84,597.2,1339.3
116,3,0.0027,0.234,0.3848,2.2,303.2,1296.2
117,4,-0.0002,0.439,0.3724,4.86,590.6,1346.7
117,3,0.0023,0.226,0.3838,2.67,293.1,1296.0
118,4,-0.0017,0.43,0.3758,4.31,580.7,1349.9
118,3,0.0012,0.217,0.3747,2.47,281.8,1295.9
119,4,-0.0037,0.424,0.3702,3.86,573.9,1352.7
119,3,-0.0009,0.208,0.3726,2.95,270.3,1298.3
120,4,-0.0056,0.419,0.3748,4.33,566.5,1351.3
120,3,-0.0031,0.209,0.3791,2.62,269.8,1293.5
121,4,-0.0061,0.414,0.3812,4.33,559.1,1351.7
121,3,-0.0042,0.21,0.3842,3.53,271.7,1291.3
122,4,-0.0053,0.408,0.3822,4.03,551.0,1350.2
122,3,-0.004,0.212,0.3867,3.52,273.3,1291.8
123,4,-0.0049,0.404,0.3816,4.33,548.3,1357.8
123,3,-0.0042,0.215,0.3858,2.11,277.4,1292.2
124,4,-0.0042,0.406,0.3872,4.03,542.1,1335.1
124,3,-0.0039,0.218,0.3853,1.65,281.1,1289.8
125,4,-0.0037,0.398,0.3866,4.29,538.4,1352.6
125,3,-0.0034,0.22,0.3867,0.95,284.4,1291.4
126,4,-0.0028,0.395,0.3854,4.62,534.9,1354.9
126,3,-0.0021,0.224,0.3894,0.71,289.0,1288.8
127,4,-0.0027,0.392,0.3889,4.58,531.7,1355.8
127,3,-0.0014,0.228,0.3896,0.23,293.5,1289.0
128,4,-0.002,0.391,0.3847,4.6,529.5,1354.6
128,3,-0.001,0.232,0.391,0.0,299.8,1291.7
129,4,-0.0022,0.388,0.3893,4.84,524.9,1352.0
129,3,-0.0018,0.235,0.3868,0.23,303.1,1292.6
130,4,-0.003,0.387,0.388,5.13,524.7,1357.3
130,3,-0.0024,0.227,0.3833,0.48,293.8,1295.1
131,4,-0.0039,0.387,0.389,4.62,526.5,1359.3
131,3,-0.0031,0.244,0.3831,0.24,317.3,1301.2
132,4,-0.0037,0.39,0.3942,4.82,529.0,1357.5
132,3,-0.0028,0.282,0.3865,0.24,368.1,1306.5
133,3,-0.0022,0.323,0.3898,0.71,422.1,1307.3
133,4,-0.0028,0.399,0.4041,5.15,531.8,1334.1
134,4,-0.0022,0.388,0.3991,4.84,527.0,1357.9
135,4,-0.0014,0.39,0.4011,4.58,530.0,1359.2
135,3,0.0,0.0,0.0,0.0,451.7,1295.7
136,4,-0.0012,0.391,0.4005,4.6,531.4,1358.9
136,3,0.0,0.0,0.0,0.0,383.7,1311.6
137,4,-0.0,0.397,0.4043,4.07,538.3,1357.5
137,3,0.0,0.0,0.0,0.0,284.2,1311.8
138,4,0.0001,0.394,0.4052,4.78,533.2,1352.7
139,4,0.0005,0.392,0.4025,4.33,532.7,1357.7
140,4,0.0007,0.392,0.4025,4.56,532.3,1356.3
140,3,0.0,0.0,0.0,0.0,416.6,1305.0
141,4,0.001,0.394,0.4006,4.58,534.0,1356.9
141,3,0.0,0.0,0.0,0.0,447.4,1298.7
142,4,0.0013,0.392,0.4014,4.62,531.1,1356.2
142,3,0.0,0.0,0.0,0.0,445.6,1299.8
143,4,0.0017,0.395,0.4058,4.86,533.5,1351.8
143,3,0.0012,0.343,0.4007,5.03,449.2,1311.0
144,4,0.0031,0.399,0.4127,5.02,537.5,1347.5
144,3,0.0025,0.34,0.4019,4.61,445.7,1310.1
145,4,0.0044,0.399,0.4096,5.59,537.5,1347.0
145,3,0.0032,0.336,0.4019,4.42,440.8,1311.5
146,4,0.0048,0.399,0.4153,5.76,536.2,1343.0
146,3,0.0036,0.341,0.4002,4.24,448.0,1313.3
147,4,0.0042,0.4,0.4085,6.07,538.6,1347.3
147,3,0.003,0.334,0.3893,2.66,438.9,1314.3
148,4,0.0032,0.407,0.4102,5.76,549.0,1347.6
148,3,0.0022,0.33,0.3888,2.43,433.8,1315.7
149,4,0.0026,0.406,0.4075,6.26,547.2,1346.4
149,3,0.0012,0.328,0.3905,2.42,431.9,1315.4
150,4,0.002,0.413,0.4073,6.77,555.7,1345.5
150,3,0.0012,0.323,0.3893,2.18,425.8,1316.7
151,4,0.0017,0.416,0.4074,6.47,559.7,1345.5
151,3,0.0006,0.316,0.3872,1.93,416.1,1317.0
152,4,0.0002,0.415,0.3984,6.5,560.6,1351.2
152,3,-0.0015,0.304,0.3811,2.16,401.9,1321.6
153,4,-0.0019,0.414,0.3965,6.53,560.2,1352.7
153,3,-0.004,0.285,0.3747,1.47,376.5,1320.4
154,3,-0.0054,0.276,0.3778,0.0,370.9,1345.3
154,4,-0.0038,0.419,0.4014,7.18,566.3,1352.7
155,3,-0.0058,0.266,0.3684,0.98,367.5,1380.2
155,4,-0.004,0.413,0.4036,6.68,559.9,1354.3
156,3,-0.0059,0.268,0.3669,0.98,374.0,1395.1
156,4,-0.003,0.42,0.4033,6.71,569.5,1355.6
157,3,-0.0055,0.272,0.3724,0.0,381.4,1399.6
157,4,-0.0018,0.413,0.4067,6.74,558.9,1353.3
158,3,-0.0036,0.279,0.375,0.24,389.5,1398.5
158,4,-0.0007,0.404,0.4112,6.71,544.2,1348.1
159,3,-0.0014,0.281,0.3717,0.25,393.3,1401.2
159,4,0.0006,0.414,0.4127,6.95,559.1,1349.9
160,4,0.0008,0.412,0.4102,6.71,557.1,1351.3
160,3,0.0001,0.285,0.3708,0.0,399.7,1400.1
161,3,0.0,0.291,0.3612,0.74,409.3,1406.1
161,4,0.0003,0.413,0.4053,7.21,557.7,1349.9
162,4,-0.0006,0.406,0.3989,7.51,549.1,1353.3
162,3,-0.0007,0.297,0.3598,0.49,416.6,1403.0
163,4,-0.0012,0.412,0.3955,7.79,557.7,1354.1
163,3,-0.0014,0.31,0.3581,2.46,432.5,1396.6
164,4,-0.0008,0.416,0.3958,7.99,561.8,1351.1
164,3,-0.0012,0.328,0.3606,3.7,452.6,1379.4
165,4,-0.0001,0.416,0.3949,7.31,561.6,1351.3
165,3,0.0002,0.354,0.3686,5.71,474.0,1338.8
166,3,0.0035,0.358,0.3682,7.71,467.5,1305.0
166,4,0.0009,0.421,0.39,7.64,568.3,1350.0
167,3,0.006,0.365,0.3657,7.84,473.9,1299.3
168,3,0.0076,0.374,0.3733,8.97,483.2,1292.3
168,4,0.0,0.0,0.0,0.0,410.3,1344.5
169,3,0.0076,0.38,0.3715,10.28,489.2,1287.0
169,4,0.0,0.0,0.0,0.0,368.0,1340.6
170,3,0.0072,0.387,0.3679,9.91,497.1,1285.4
170,4,0.0,0.0,0.0,0.0,352.7,1335.8
171,3,0.0064,0.393,0.3673,10.37,503.3,1279.8
171,4,0.0039,0.256,0.3756,4.78,341.4,1332.7
172,3,0.0049,0.396,0.3647,9.86,507.1,1280.5
173,3,0.0024,0.399,0.3592,8.57,510.3,1278.0
173,4,0.0,0.0,0.0,0.0,349.2,1327.0
174,3,-0.0014,0.399,0.3525,7.33,513.0,1286.5
174,4,0.0,0.0,0.0,0.0,347.2,1336.4
175,3,-0.006,0.397,0.3552,6.78,510.9,1286.5
175,4,0.0,0.0,0.0,0.0,351.9,1338.6
176,3,-0.0072,0.391,0.3596,5.19,503.6,1287.6
176,4,-0.0084,0.268,0.3587,1.41,358.4,1339.1
177,3,-0.0053,0.38,0.3663,5.43,489.7,1287.2
177,4,-0.0077,0.423,0.3618,0.24,567.6,1340.5
178,3,-0.0022,0.373,0.3629,5.97,479.9,1286.0
178,4,-0.005,0.42,0.3592,0.24,562.3,1337.8
179,4,-0.0027,0.425,0.3605,0.73,570.1,1340.0
179,3,-0.0004,0.369,0.3629,6.42,473.9,1284.0
180,3,-0.0001,0.361,0.353,8.3,463.9,1285.4
180,4,-0.0013,0.422,0.3645,1.2,563.4,1336.1
181,3,-0.0006,0.364,0.3531,8.95,466.9,1283.2
181,4,-0.0014,0.423,0.3663,1.19,564.2,1334.8
182,3,-0.0022,0.366,0.3484,9.42,469.9,1284.4
182,4,-0.0019,0.418,0.3617,1.68,559.1,1336.5
183,3,-0.004,0.374,0.3424,9.34,480.7,1285.2
183,4,-0.0042,0.418,0.358,1.95,561.2,1341.4
184,4,-0.0055,0.428,0.3566,2.66,576.0,1347.3
184,3,-0.0055,0.367,0.3479,9.62,465.2,1266.7
185,4,-0.0059,0.419,0.3512,1.97,562.1,1341.3
186,4,-0.0047,0.417,0.3598,1.71,559.8,1341.3
187,4,-0.0022,0.412,0.3604,1.48,552.2,1339.9
188,4,0.0005,0.411,0.3647,1.97,549.1,1337.4
189,4,0.0035,0.399,0.3709,1.25,532.1,1333.5
189,3,0.0,0.0,0.0,0.0,519.6,1243.0
190,4,0.0053,0.395,0.365,0.5,528.2,1337.2
190,3,0.0,0.0,0.0,0.0,391.8,1262.6
191,4,0.0073,0.406,0.3806,0.47,529.9,1306.6
191,3,0.0,0.0,0.0,0.0,393.8,1268.0
192,4,0.0076,0.405,0.3716,0.72,535.3,1321.2
192,3,0.0036,0.311,0.3621,12.19,394.9,1269.0
193,3,0.0019,0.301,0.3638,10.08,384.5,1275.6
193,4,0.0076,0.401,0.3672,0.71,528.1,1317.6
194,4,0.0057,0.401,0.3634,0.47,531.1,1326.0
194,3,-0.0005,0.297,0.3632,9.08,380.0,1281.0
195,4,0.0037,0.395,0.3637,0.93,521.5,1319.7
195,3,-0.0029,0.295,0.3634,9.77,379.1,1283.9
196,4,0.0017,0.384,0.3594,0.94,507.0,1319.5
196,3,-0.0044,0.288,0.362,9.08,369.7,1283.0
197,4,-0.0004,0.352,0.3544,2.57,467.2,1325.9
197,3,-0.0049,0.342,0.3623,9.46,439.4,1283.6
198,4,-0.0012,0.354,0.3626,1.88,468.3,1323.2
198,3,-0.0039,0.341,0.3714,9.0,437.3,1283.7
199,4,-0.0,0.347,0.3694,1.89,455.8,1314.6
199,3,-0.0014,0.354,0.382,7.73,453.1,1279.2
200,3,0.0005,0.344,0.3841,7.21,438.6,1274.4
200,4,0.0026,0.34,0.3712,2.35,447.1,1313.5
201,4,0.0044,0.342,0.3646,2.11,451.3,1319.3
201,3,0.0,0.345,0.3791,6.42,442.2,1282.8
202,3,-0.0012,0.338,0.3788,5.92,433.0,1282.0
202,4,0.0038,0.347,0.3664,2.32,453.6,1305.7
203,4,0.0025,0.34,0.3618,1.66,449.0,1319.8
203,3,-0.0024,0.333,0.3825,5.71,428.2,1286.6
204,4,0.0012,0.34,0.3624,1.18,447.0,1313.4
204,3,-0.0025,0.33,0.381,5.28,424.8,1289.0
205,4,0.0008,0.337,0.3573,1.43,444.0,1317.7
205,3,-0.0022,0.305,0.3753,5.13,394.2,1291.4
206,4,0.0005,0.342,0.3571,0.48,449.4,1315.5
206,3,-0.0017,0.329,0.3849,4.8,425.2,1292.5
207,4,0.0004,0.334,0.358,0.24,440.5,1319.4
207,3,-0.0011,0.33,0.3858,4.58,426.6,1292.7
208,3,-0.0003,0.339,0.3826,3.64,438.4,1291.3
208,4,0.0006,0.335,0.3592,0.47,442.2,1319.9
209,3,0.0001,0.341,0.3833,3.65,441.0,1294.4
209,4,0.001,0.34,0.3565,0.24,448.6,1318.5
210,3,0.0002,0.348,0.3789,2.43,449.2,1290.8
210,4,0.0008,0.338,0.3548,0.24,443.3,1312.7
211,3,-0.0011,0.343,0.374,0.98,444.1,1293.1
211,4,-0.0002,0.343,0.3448,0.24,451.3,1316.6
212,3,-0.0008,0.351,0.3778,1.48,454.5,1293.7
212,4,-0.0004,0.338,0.346,0.49,445.4,1319.5
213,3,0.0013,0.351,0.3821,1.23,452.3,1288.6
213,4,0.0014,0.337,0.3529,0.73,444.4,1316.9
214,3,0.0043,0.355,0.3725,0.75,454.8,1282.2
214,4,0.0035,0.344,0.357,0.73,451.3,1313.0
215,3,0.0047,0.37,0.3714,1.23,474.7,1283.8
215,4,0.0043,0.351,0.353,0.96,460.0,1311.4
216,3,0.0031,0.351,0.3672,0.24,451.1,1284.6
216,4,0.0025,0.323,0.345,1.93,424.9,1316.3
217,4,0.0006,0.347,0.3494,1.42,455.3,1312.4
217,3,0.0015,0.282,0.3656,0.24,360.8,1281.0
218,4,-0.0007,0.347,0.3451,1.7,455.9,1314.2
218,3,0.0013,0.285,0.3605,0.71,364.5,1279.0
219,4,-0.0006,0.361,0.3479,1.44,474.1,1312.4
219,3,0.0014,0.295,0.3594,1.41,377.6,1278.0
220,3,0.0012,0.313,0.3585,1.88,400.5,1279.1
220,4,0.0002,0.344,0.3469,1.71,449.4,1308.2
221,3,0.0002,0.327,0.3609,2.34,418.7,1278.7
221,4,0.0002,0.345,0.3471,2.42,448.5,1300.5
222,3,0.0005,0.314,0.3582,2.36,400.6,1276.6
222,4,0.0013,0.342,0.3434,2.44,446.9,1306.1
223,4,0.0021,0.341,0.3478,2.42,442.4,1298.9
223,3,0.0012,0.307,0.3533,3.81,390.8,1272.8
224,4,0.0032,0.338,0.3472,2.42,439.6,1300.1
224,3,0.0027,0.355,0.3567,4.07,447.2,1261.5
225,4,0.0031,0.328,0.3456,2.41,425.2,1298.1
226,3,0.0,0.0,0.0,0.0,600.6,1267.8
227,3,0.0,0.0,0.0,0.0,621.8,1264.1
228,3,0.0,0.0,0.0,0.0,626.2,1263.1
229,3,0.0032,0.494,0.3438,7.33,622.5,1259.6
230,3,0.0024,0.473,0.3402,7.45,596.5,1259.9
231,3,-0.0008,0.464,0.3352,7.1,584.3,1258.2
232,4,0.0,0.0,0.0,0.0,449.0,1269.7
233,4,0.0,0.0,0.0,0.0,458.1,1302.5
234,4,0.0,0.0,0.0,0.0,466.8,1292.8
235,4,-0.0056,0.366,0.3379,1.41,469.4,1281.3
235,3,0.0,0.0,0.0,0.0,412.4,1259.6
236,4,-0.003,0.368,0.3416,0.71,471.2,1279.2
236,3,0.0,0.0,0.0,0.0,415.3,1243.1
237,4,-0.0011,0.371,0.3458,0.93,474.6,1278.4
237,3,0.0,0.0,0.0,0.0,416.9,1255.2
238,4,-0.0007,0.371,0.3457,0.93,474.2,1276.7
238,3,0.0004,0.336,0.3388,9.03,422.0,1255.8
239,4,-0.0011,0.37,0.3423,0.24,474.0,1282.6
239,3,-0.0004,0.343,0.3396,9.0,429.3,1253.5
240,4,-0.0017,0.371,0.3395,0.24,480.1,1293.1
240,3,-0.001,0.358,0.3424,9.62,448.0,1252.7
241,4,-0.0016,0.371,0.3436,0.94,474.3,1279.4
241,3,-0.0013,0.368,0.341,11.08,462.1,1255.4
242,3,-0.0016,0.365,0.3421,11.85,456.7,1251.9
242,4,-0.0023,0.364,0.3343,1.68,474.6,1302.2
243,4,-0.0018,0.364,0.3332,1.93,473.9,1302.3
243,3,-0.0017,0.362,0.3385,11.95,453.8,1254.9
244,4,-0.0011,0.365,0.3383,2.62,475.0,1301.7
244,3,-0.0015,0.365,0.3477,13.1,457.1,1252.1
245,4,0.0014,0.369,0.3491,3.28,474.2,1284.1
245,3,0.0007,0.378,0.3486,13.7,472.2,1250.2
246,4,0.0043,0.367,0.3538,3.0,469.4,1277.9
246,3,0.0033,0.385,0.3572,14.65,474.5,1233.9
247,4,0.0062,0.363,0.3539,3.95,465.5,1281.3
247,3,0.0059,0.373,0.3593,15.02,462.8,1239.2
248,4,0.0056,0.355,0.3491,3.53,459.4,1293.4
248,3,0.0067,0.384,0.3513,15.38,476.4,1239.9
249,3,0.0063,0.386,0.3457,16.43,477.9,1237.7
249,4,0.0039,0.351,0.3497,3.52,454.2,1295.5
250,4,0.0034,0.348,0.3539,3.74,449.0,1288.6
250,3,0.006,0.42,0.3456,16.95,515.0,1226.6
251,4,0.0032,0.344,0.3508,3.3,442.8,1286.4
251,3,0.0055,0.407,0.3404,15.82,497.4,1223.1
252,4,0.002,0.34,0.3468,3.31,438.6,1290.0
252,3,0.0036,0.443,0.3291,14.57,551.8,1245.1
253,4,-0.0005,0.342,0.3424,3.34,441.6,1291.6
254,3,0.0,0.0,0.0,0.0,759.0,1226.7
255,3,0.0,0.0,0.0,0.0,761.0,1135.2
256,3,0.0,0.0,0.0,0.0,541.3,819.0
257,3,0.0243,0.581,0.3804,7.18,480.1,825.7
258,4,0.0,0.0,0.0,0.0,341.5,958.5
259,3,0.0,0.0,0.0,0.0,385.4,823.7
260,4,0.0,0.0,0.0,0.0,377.5,968.6
261,4,0.0,0.0,0.0,0.0,413.3,959.8
262,3,0.0,0.0,0.0,0.0,366.9,816.7
263,3,0.0,0.0,0.0,0.0,356.7,825.6
264,3,0.0,0.0,0.0,0.0,376.8,825.2
265,4,0.0,0.0,0.0,0.0,375.0,953.2
266,4,0.0,0.0,0.0,0.0,371.0,937.7
267,3,0.0,0.0,0.0,0.0,389.1,818.2
268,4,0.0,0.0,0.0,0.0,347.2,935.5
269,4,0.0,0.0,0.0,0.0,325.4,929.4
270,4,0.0,0.0,0.0,0.0,332.2,936.3
271,4,0.0042,0.349,0.3249,3.86,329.2,942.5
272,4,-0.0002,0.337,0.332,4.69,318.9,945.0
273,3,0.0,0.0,0.0,0.0,534.2,992.7
273,4,-0.0012,0.441,0.3327,7.1,410.6,931.0
274,3,0.0,0.0,0.0,0.0,639.1,1084.5
274,4,-0.0006,0.358,0.3536,10.82,322.3,900.1
275,3,0.0,0.0,0.0,0.0,691.4,1174.6
275,4,0.0085,0.34,0.4029,13.58,285.8,840.7
276,3,0.0208,0.558,0.3086,18.08,680.3,1218.5
276,4,0.0259,0.386,0.4053,13.88,299.6,777.1
277,3,0.0258,0.57,0.3168,16.92,776.8,1364.0
277,4,0.0389,0.45,0.3085,13.09,401.1,890.5
278,3,0.0293,0.589,0.3095,20.01,779.4,1323.9
278,4,0.0575,0.608,0.2629,17.86,500.1,823.0
279,3,0.0314,0.606,0.3017,22.89,777.7,1282.8
279,4,0.0683,0.632,0.2156,24.11,513.4,812.3
280,3,0.0343,0.638,0.2817,28.54,791.3,1241.2
280,4,0.0738,0.612,0.1425,33.69,528.4,863.9
281,3,0.0382,0.674,0.2504,36.64,802.2,1191.1
281,4,0.0795,0.595,0.0975,50.53,521.6,876.1
282,3,0.0409,0.713,0.2071,43.98,820.1,1149.9
283,3,0.0408,0.75,0.1596,52.28,836.5,1115.3
284,3,0.0404,0.791,0.1227,63.43,828.2,1046.5
285,3,0.0391,0.846,0.0853,66.59,824.6,975.2
286,3,0.0378,0.875,0.0391,70.9,799.4,913.5
287,3,0.0314,0.921,0.0,77.15,782.6,850.2
287,4,0.0,0.0,0.0,0.0,512.7,781.6
288,3,0.0226,0.959,0.0,75.76,777.2,810.5
288,4,0.0,0.0,0.0,0.0,500.4,733.5
289,3,0.0147,0.974,0.0,75.82,766.3,786.6
289,4,0.0,0.0,0.0,0.0,652.3,699.0
290,3,0.0076,0.995,0.0,76.78,761.9,765.8
291,3,-0.0006,0.976,0.0,76.18,731.4,749.0
291,4,0.0,0.0,0.0,0.0,655.1,710.0
292,3,-0.0123,0.985,0.0,79.59,720.2,731.1
293,3,-0.019,0.981,0.0,82.51,707.3,720.7
293,4,0.0,0.0,0.0,0.0,540.6,747.5
294,3,-0.0225,0.909,0.0,83.36,644.1,708.2
294,4,0.0,0.0,0.0,0.0,547.9,775.4
295,3,-0.0235,0.91,0.0,82.99,641.2,704.9
295,4,0.0,0.0,0.0,0.0,576.1,820.1
296,3,-0.0237,0.992,0.0,80.49,701.2,706.6
296,4,-0.1919,0.761,0.0,149.33,645.0,847.4
297,3,-0.0218,0.929,0.0,78.55,661.5,712.1
297,4,-0.3109,0.688,0.0051,152.95,593.5,863.1
298,3,-0.0201,0.918,0.0,75.04,660.4,719.6
298,4,-0.1832,0.837,0.0,152.77,683.9,816.9
299,3,-0.0197,0.944,0.0,74.74,686.7,727.2
299,4,-0.1036,0.743,0.0,153.4,643.9,867.1
300,3,-0.0178,0.948,0.0,74.37,694.0,732.0
300,4,-0.0641,0.768,0.2282,153.23,645.7,840.7
301,3,-0.0158,0.932,0.0,72.57,686.8,737.0
301,4,-0.2598,0.768,0.0,150.55,653.9,851.9
302,3,-0.0136,0.918,0.0,73.07,682.3,743.3
302,4,-0.1572,0.767,0.0,150.7,647.9,844.8
303,3,-0.0121,0.924,0.0,71.77,692.6,749.6
303,4,-0.0945,0.751,0.0,150.14,633.3,843.1
304,3,-0.0087,0.923,0.0,72.1,695.4,753.5
304,4,-0.0564,0.747,0.0,150.23,633.0,846.9
305,3,-0.0049,0.933,0.0,72.29,702.6,752.8
305,4,0.16,0.748,0.0,150.88,629.2,841.5
306,3,-0.004,0.933,0.0,71.82,704.5,755.1
306,4,0.0954,0.747,0.0,150.28,633.2,847.1
307,3,-0.0034,0.939,0.0,72.29,711.6,758.1
308,3,-0.0045,0.946,0.0,72.55,720.5,761.6
308,4,0.0,0.0,0.0,0.0,634.1,858.1
309,3,-0.0029,0.959,0.0,73.82,736.1,767.6
309,4,0.0,0.0,0.0,0.0,634.9,607.2
310,3,0.0003,0.895,0.0,72.08,693.4,774.9
310,4,0.0,0.0,0.0,0.0,663.0,613.7
311,3,0.0078,0.862,0.0,73.01,670.5,777.6
311,4,0.0,1.069,0.0,153.18,690.6,645.9
312,3,0.0116,0.864,0.0,73.5,674.0,779.9
312,4,0.3049,1.04,0.0,153.38,685.9,659.6
313,3,0.0083,0.889,0.0,73.06,693.7,780.0
313,4,0.4474,1.013,0.0,146.82,661.1,652.4
314,3,0.0001,0.902,0.0,71.95,705.0,781.6
314,4,0.2685,0.981,0.0,146.25,640.0,652.3
315,3,-0.0043,0.9,0.0,72.33,705.6,784.1
315,4,-0.144,0.965,0.0,151.73,643.5,667.0
316,3,-0.005,0.907,0.0,74.28,713.5,786.7
316,4,-0.3577,0.997,0.0,146.14,637.9,639.8
317,3,-0.0046,0.92,0.0,74.11,725.1,788.2
317,4,-0.2053,0.948,0.0,145.79,633.8,668.8
318,3,-0.0058,0.927,0.0,75.57,736.2,794.2
318,4,-0.1213,0.918,0.0,145.46,623.5,679.1
319,3,-0.0055,0.92,0.0,75.24,738.4,802.6
319,4,-0.0742,0.923,0.0,145.23,614.9,666.3
320,3,-0.0058,0.919,0.0,74.98,745.6,811.0
320,4,-0.0458,0.953,0.0,144.55,616.4,647.1
